method,h,max error,mean error
Euler,0.05,0.004377512513002724,0.002186734066490546
Euler,0.1,0.008866204192594707,0.004396300309994698
Euler,0.2,0.017958501694002205,0.008867741614305789
