method,h,max error,mean error
Euler,0.05,9.338894464968277,1.8628131932731709
Euler,0.1,16.26055010866949,3.4122349127431666
Euler,0.2,25.672684535544235,5.894289059660571
