method,h,max error,mean error
Midpoint,0.05,0.3367342867453331,0.06619897294156778
Midpoint,0.1,1.2405099178877705,0.2540771118110837
Midpoint,0.2,4.1764883642200346,0.9266229168500021
