method,h,max error,mean error
RK4,0.05,0.0001674588643325592,3.29043076262337e-05
RK4,0.1,0.002465807633356576,0.0005041575130856399
RK4,0.2,0.03342850985296053,0.007378298480281123
