method,h,max error,mean error
Euler,0.05,0.12746574220323215,0.05513986907399138
Euler,0.1,0.24197192013003388,0.1063018340415501
Euler,0.2,0.43968744621467337,0.19838018444075436
