method,h,max error,mean error
Midpoint,0.05,0.0009277142152628315,0.00049480222613059
Midpoint,0.1,0.003747073502069931,0.00196466669294728
Midpoint,0.2,0.01510248929797875,0.007712747661263276
