method,h,max error,mean error
Modified Euler,0.05,0.004819864962741782,0.0018471512913476066
Modified Euler,0.1,0.018904775506651816,0.007293129602273177
Modified Euler,0.2,0.07241732034732173,0.02834253852084961
